x0,x1,y
1.0,-0.2540207517724405,6.0
1.0,1.3354438242729803,472.0
1.0,-0.12644966902906934,5.0
1.0,1.116374736519354,220.0
1.0,-0.16740197303001855,2.0
1.0,-1.3346319513009437,0.0
1.0,2.363259530636463,8971.0
1.0,0.3269086006513597,19.0
1.0,1.4536628629652921,602.0
1.0,0.1681994099431206,13.0
1.0,-0.39594964466190685,2.0
1.0,0.39222819457268043,18.0
1.0,-1.785103551446007,0.0
1.0,-0.6003285937461316,0.0
1.0,0.8367351505455328,81.0
1.0,0.48676088666888223,37.0
1.0,0.7019069868518114,50.0
1.0,-1.5937425911025829,0.0
1.0,-1.0205895562745189,0.0
1.0,0.13680346199704807,13.0
1.0,2.31795864449598,7764.0
1.0,0.35740318653997954,24.0
1.0,1.3608454025985122,414.0
1.0,2.4293750884464793,10768.0
1.0,-1.5130964955429413,0.0
1.0,-1.2699509245255487,0.0
1.0,-2.1266916604379382,0.0
1.0,-1.6047319338086286,0.0
1.0,1.0916457085369031,200.0
1.0,2.1944864384040197,5192.0
1.0,-0.2033000324412646,3.0
1.0,0.2758006731672794,14.0
1.0,1.0252499170685,168.0
1.0,0.21567976255956633,7.0
1.0,-1.4023999656000874,0.0
1.0,-1.1038130761687597,0.0
1.0,-0.539207312296325,3.0
1.0,-0.19804251638782272,3.0
1.0,-1.384277629836116,0.0
1.0,0.5317917246729457,36.0
1.0,0.16193602119485423,20.0
1.0,1.3010870136328527,355.0
1.0,-1.459190528912831,0.0
1.0,-0.014347623759678236,17.0
1.0,-0.2949897477740014,5.0
1.0,0.6818046845536982,63.0
1.0,-0.42816889300520616,1.0
1.0,0.8383514824990339,88.0
1.0,-0.5101244714074568,3.0
1.0,1.333669666727207,400.0
1.0,0.7504013188449267,69.0
1.0,-0.4799382342588594,2.0
1.0,-0.4497518325538091,2.0
1.0,-0.6567213494324765,1.0
1.0,1.7187952406690403,1201.0
1.0,-0.47760670516224774,3.0
1.0,-0.5366437047264786,2.0
1.0,0.5929412618425967,54.0
1.0,1.2658287655477765,325.0
1.0,-0.8149365485378935,1.0
1.0,1.254512866604787,335.0
1.0,-1.0092524849119486,0.0
1.0,0.0957225324254196,11.0
1.0,-0.5971047495344376,1.0
1.0,-0.34380060470204304,5.0
1.0,-1.1968544152973495,0.0
1.0,-1.7883104683843714,0.0
1.0,1.2690585466223914,310.0
1.0,-0.32712827021023644,3.0
1.0,-2.2087480722311352,0.0
1.0,0.2996892102119336,22.0
1.0,1.7034746004229095,1254.0
1.0,-1.3307264719779663,0.0
1.0,-1.1069942926999645,3.0
1.0,0.157293864907122,10.0
1.0,0.5235263351674257,35.0
1.0,-0.22788467048629385,3.0
1.0,0.6166269473582752,42.0
1.0,-0.225028609831802,2.0
1.0,0.23799177010170822,15.0
1.0,1.5874071673161885,840.0
1.0,-0.16351755784809166,1.0
1.0,-0.01923743459114253,8.0
1.0,-0.6981539700916818,0.0
1.0,-1.2111252926242957,1.0
1.0,-2.3309759442137277,0.0
1.0,0.11625196107467119,14.0
1.0,1.3885394978568981,471.0
1.0,1.1063011954750035,211.0
1.0,1.973454361344819,2782.0
1.0,1.0699502062208381,157.0
1.0,0.06596018379826515,9.0
1.0,0.10780471777665152,9.0
1.0,-0.8016394855549189,1.0
1.0,0.24857581417775612,17.0
1.0,-1.139479480164338,0.0
1.0,1.6018038738133658,952.0
1.0,-0.34490297800852027,1.0
1.0,1.3059280721675544,350.0
1.0,-1.097751573004082,0.0
1.0,-0.08618544601639977,6.0
1.0,-1.3704367393504358,0.0
1.0,-0.40123711696553616,3.0
1.0,-1.5175699928406583,0.0
1.0,0.5025818482985269,34.0
1.0,2.6870173774724315,23441.0
1.0,-1.1359453499737482,0.0
1.0,-0.9128818813458399,1.0
1.0,-1.0049929935666178,1.0
1.0,-0.18798477007022663,5.0
1.0,0.23912596059497634,13.0
1.0,0.5304061768709935,35.0
1.0,-0.2354035258442544,4.0
1.0,-1.7733669687681257,0.0
1.0,-1.2825517216248183,0.0
1.0,1.1966432999443282,256.0
1.0,2.1595823669034426,4808.0
1.0,-0.42448600712724177,5.0
1.0,0.20294719153435387,6.0
1.0,-1.0931257482237056,1.0
1.0,0.40851507416173927,32.0
1.0,1.3203358324405514,365.0
1.0,0.04616242192248425,8.0
1.0,1.0929874758235403,194.0
1.0,0.425925822296262,30.0
1.0,0.08994694205222781,13.0
1.0,1.3002348638865628,343.0
1.0,-2.3041748124641317,0.0
1.0,0.17626375265472025,13.0
1.0,-0.10222623631266661,5.0
1.0,0.09655427894713219,9.0
1.0,0.5138691554852391,38.0
1.0,1.2151699668572364,262.0
1.0,-0.5522915387114583,1.0
1.0,-0.7506310134678372,0.0
1.0,-1.4966786831492447,0.0
1.0,-1.0053614246078706,0.0
1.0,0.4588071999604549,33.0
1.0,-1.8522809179132664,0.0
1.0,0.9232976396855885,120.0
1.0,0.15243270958888452,13.0
1.0,-3.975855690580253,0.0
1.0,-0.6500530859701479,0.0
1.0,2.218340108202598,5626.0
1.0,-1.168875160705135,0.0
1.0,-0.23450175098993264,2.0
1.0,-0.7875821039628412,0.0
1.0,-0.9016117595825895,0.0
1.0,-0.731230727498197,1.0
1.0,-0.7983817678977526,2.0
1.0,0.8684458087862197,115.0
1.0,-1.1910845447475837,0.0
1.0,-0.13597197621455903,5.0
1.0,0.18552990157915744,15.0
1.0,0.029389765190183926,8.0
1.0,-0.2601960962828547,3.0
1.0,-1.2282941558483595,0.0
1.0,2.073661908088539,3694.0
1.0,-0.7253265864235663,1.0
1.0,0.040582407517898635,8.0
1.0,0.13394586035105394,13.0
1.0,0.8521741151693331,95.0
1.0,-0.8148024169088136,0.0
1.0,-0.2983565081229787,2.0
1.0,0.8638749058043789,86.0
1.0,0.6220117791331323,42.0
1.0,0.41713794810341714,29.0
1.0,-0.5331378233096339,2.0
1.0,1.4383331280511922,557.0
1.0,-1.0095714473562347,0.0
1.0,-0.48082151369182347,1.0
1.0,-1.0062405136812302,0.0
1.0,0.4417063403885695,33.0
1.0,-1.0141974365808655,0.0
1.0,-0.026534305483933714,7.0
1.0,-1.033369769897051,0.0
1.0,1.4034035291956013,513.0
1.0,-1.6757071081384372,0.0
1.0,-1.9426787055938903,0.0
1.0,0.8943029629308769,103.0
1.0,-0.25500069481528254,4.0
1.0,-0.6101741457422362,1.0
1.0,-0.1563143099667888,4.0
1.0,-0.8410105939193159,0.0
1.0,0.7749394942244782,75.0
1.0,1.2459385140928927,315.0
1.0,-0.9825455340707023,0.0
1.0,1.6469325393982848,1007.0
1.0,-1.127310126417255,0.0
1.0,0.4644670095948269,27.0
1.0,0.756302552182301,70.0
1.0,0.8009198890697841,85.0
1.0,0.553085795049522,42.0
1.0,-0.5280599439917225,2.0
1.0,0.35801657435096834,22.0
1.0,-0.09018424165214767,4.0
1.0,1.6216150763175146,947.0
1.0,-2.3119876774598387,0.0
1.0,-0.13640717956725656,4.0
1.0,1.574869238082647,829.0
1.0,0.7273045545677695,65.0
1.0,-1.0761218762831501,0.0
1.0,-0.041987567183037144,7.0
1.0,-2.104086478482828,0.0
1.0,0.41895800535267824,19.0
1.0,0.7510470535993179,76.0
1.0,0.5672734806562977,40.0
1.0,0.45034876775839255,33.0
1.0,-0.03737706851659883,8.0
1.0,-1.1124563435550803,0.0
1.0,0.1061943380258305,11.0
1.0,-0.07005162514941368,8.0
1.0,-2.801841451047678,0.0
1.0,0.3276418037031212,19.0
1.0,-0.9952276439719685,0.0
1.0,-1.0289100218948337,0.0
1.0,0.920029600564614,118.0
1.0,-0.0936068220886535,5.0
1.0,0.17994878514918172,16.0
1.0,-0.8327560610170957,0.0
1.0,0.4032237110875146,39.0
1.0,-1.6287327913049583,0.0
1.0,0.9003032857106622,112.0
1.0,0.39832543549694666,28.0
1.0,0.5831876479027929,40.0
1.0,0.9011826201905773,120.0
1.0,0.6562161239370906,54.0
1.0,1.0380851870084398,163.0
1.0,-0.7008719342597753,1.0
1.0,-1.2193558390363053,0.0
1.0,-1.2074803266221565,0.0
1.0,1.902196295896958,2234.0
1.0,-1.0555886256294362,0.0
1.0,-0.7070370532456863,0.0
1.0,1.3077148535343357,375.0
1.0,0.34295098878454056,27.0
1.0,1.3738383933085763,439.0
1.0,-0.19840031082076767,2.0
1.0,-0.843452937351356,1.0
1.0,-0.6317634898191642,1.0
1.0,-0.25725762958335985,8.0
1.0,0.8261257296538882,75.0
1.0,1.2984330801256834,367.0
1.0,0.2161963538687375,14.0
1.0,0.25390931417099577,18.0
1.0,0.13391726164573461,12.0
1.0,-0.7616339047600545,1.0
1.0,0.4916160105150998,42.0
1.0,-0.15175129734749532,2.0
1.0,1.3109472546465555,371.0
1.0,0.12516628041956798,11.0
1.0,1.3934166750658383,507.0
1.0,-0.3704704347970145,2.0
1.0,-2.4911154451850908,0.0
1.0,-0.6168361907613892,1.0
1.0,0.17036054074289628,13.0
1.0,-2.3018955300386645,0.0
1.0,0.47132212856688743,32.0
1.0,0.4101660620405615,25.0
1.0,-1.1667202819796032,0.0
1.0,-1.015073904235519,0.0
1.0,-0.6304596664117124,1.0
1.0,0.46680088580777734,33.0
1.0,-0.8884615807752553,1.0
1.0,-0.6632288123727575,0.0
1.0,0.4397534734443649,34.0
1.0,1.9310443396474308,2372.0
1.0,1.6000849115756233,970.0
1.0,0.6869446587641077,54.0
1.0,-0.08761231793707049,7.0
1.0,0.6199036226307928,42.0
1.0,-0.8904260537209662,0.0
1.0,-0.9082756653065156,2.0
1.0,0.6256673997563585,45.0
1.0,-0.12998398537034425,6.0
1.0,0.6459257423451508,60.0
1.0,0.8923106353055921,105.0
1.0,-1.3478735028879167,0.0
1.0,-1.3250620283571524,0.0
1.0,-2.142706325345776,0.0
1.0,-0.7132299274403129,0.0
1.0,0.2049576910733268,11.0
1.0,-0.3567370416934017,4.0
1.0,0.7788200432602927,70.0
1.0,-2.35509876735339,0.0
1.0,-0.35501212306593044,3.0
1.0,-0.50175868434437,0.0
1.0,1.7847133652980118,1533.0
1.0,-0.12725996749086088,0.0
1.0,-0.11770031657872271,6.0
1.0,1.017338606510582,156.0
1.0,2.0750212316427024,3829.0
1.0,-0.137084043162255,4.0
1.0,-2.0577224959652485,0.0
1.0,0.5143380262571057,40.0
1.0,-0.23774883694531918,3.0
1.0,1.8661014059016385,2014.0
1.0,-0.3302579070671673,0.0
1.0,1.7205262577266531,1187.0
1.0,1.1498276383207633,220.0
1.0,-0.8650336743693139,0.0
1.0,-1.2029010179825785,0.0
1.0,0.6786803654669434,51.0
1.0,-0.5436382137909846,2.0
1.0,-1.7246389629226293,0.0
1.0,-0.38302008728493564,3.0
1.0,-1.0973480442333032,0.0
1.0,0.6750773226448588,53.0
1.0,0.0225349525177631,6.0
1.0,0.004337737737948115,5.0
1.0,1.863026385333387,2015.0
1.0,-1.8120288345250883,0.0
1.0,0.9037765635386575,90.0
1.0,-0.38075254781945495,1.0
1.0,0.7951694558399962,83.0
1.0,0.6852610606550625,55.0
1.0,-2.1734811736747215,0.0
1.0,0.8515841997320112,94.0
1.0,1.2443413804709826,329.0
1.0,-0.40688475350192793,0.0
1.0,-0.8572391347350761,0.0
1.0,-0.2654473190524081,3.0
1.0,0.7086030828222001,54.0
1.0,0.8183133690804282,87.0
1.0,0.02125206200904557,8.0
1.0,0.43016825886295534,30.0
1.0,-0.9690612741243386,0.0
1.0,-0.9061845724652412,1.0
1.0,-0.8973679780130919,0.0
1.0,0.056360884244301745,7.0
1.0,-0.34348218451073786,2.0
1.0,0.1699076630687335,12.0
1.0,-1.495694808491069,0.0
1.0,-0.02386352521502317,10.0
1.0,0.7340650931834193,68.0
1.0,-0.3241119514405068,4.0
1.0,-0.2773780397918809,2.0
1.0,0.13970739392983286,8.0
1.0,1.3245418113555458,431.0
1.0,-0.2648774993990335,3.0
1.0,-0.3955354047781009,2.0
1.0,-1.0921630634094055,0.0
1.0,-0.1565744015128571,6.0
1.0,1.8744399702868704,2114.0
1.0,-1.0312215470920576,1.0
1.0,0.5948524154542526,47.0
1.0,-1.3739953776153404,0.0
1.0,-0.5820491691893304,2.0
1.0,-1.044311846950657,0.0
1.0,-0.8598455106525965,0.0
1.0,-1.127132402263316,0.0
1.0,-0.5716843353049658,0.0
1.0,-0.3918498186675276,3.0
1.0,-0.3752018128910411,3.0
1.0,-0.5551958870037536,3.0
1.0,0.24291948888510118,22.0
1.0,2.2276094180372397,5802.0
1.0,0.16706368306015792,11.0
1.0,1.8234976119248423,1716.0
1.0,-0.31545268011230493,4.0
1.0,-0.8411051249711405,1.0
1.0,-1.186904107552823,0.0
1.0,0.7715797470011011,84.0
1.0,1.119876964777292,206.0
1.0,0.3208040558192506,21.0
1.0,2.2908784352649554,7091.0
1.0,1.1870293723741567,243.0
1.0,2.0833868077175093,3810.0
1.0,0.11890619432847202,8.0
1.0,-2.5723067722494855,0.0
1.0,0.5440308268739598,36.0
1.0,0.7838475293513683,60.0
1.0,0.2793428526734531,19.0
1.0,-0.7857657013559799,1.0
1.0,1.098676383733955,193.0
1.0,-0.08324029089930876,7.0
1.0,1.472086895718003,599.0
1.0,-0.5410229122025701,0.0
1.0,0.7777777034484064,80.0
1.0,0.45847577447998156,22.0
1.0,0.5111632016091281,25.0
1.0,0.42257566959418824,34.0
1.0,1.638632006629086,1036.0
1.0,-0.31510006557614656,1.0
1.0,-1.1483903469907097,1.0
1.0,-1.75267781077378,0.0
1.0,0.0423417970590595,6.0
1.0,-0.2943235125965164,6.0
1.0,-0.8556984152085451,1.0
1.0,-0.06629705335695286,4.0
1.0,0.8222048133069763,76.0
1.0,-0.631898798150478,1.0
1.0,2.164313269795021,4900.0
1.0,0.11087754490063037,4.0
1.0,-1.404328411630869,0.0
1.0,0.9525469931502792,134.0
1.0,0.16261170399886646,17.0
1.0,-0.7024165198321801,0.0
1.0,-0.45424683117565023,2.0
1.0,1.1574459098060057,227.0
1.0,2.0127103422890213,3112.0
1.0,-0.8304434412822612,2.0
1.0,0.45773469453998133,33.0
1.0,-1.1442039226373288,1.0
1.0,-0.02522735321095029,6.0
1.0,1.843803556211701,1863.0
1.0,0.14698460978125882,10.0
1.0,-0.6676100330856883,1.0
1.0,-1.2719578021961984,0.0
1.0,-0.36591436925755566,2.0
1.0,1.1200055516977285,218.0
1.0,1.0375200700517875,162.0
1.0,-0.6579263550704921,1.0
1.0,0.7115943231586412,62.0
1.0,0.3794656715595246,18.0
1.0,-1.82447452939879,0.0
1.0,-0.5408145608837156,3.0
1.0,-0.19074820643134777,3.0
1.0,-0.12435513935932027,2.0
1.0,-0.218640716383762,2.0
1.0,-1.3426032929089875,0.0
1.0,-0.09806081362634787,3.0
1.0,-0.26674499022102227,5.0
1.0,0.2047326384593831,11.0
1.0,0.7418577942644525,73.0
1.0,-2.227622418604972,0.0
1.0,0.7635768595955758,70.0
1.0,0.8616224874775453,92.0
1.0,-0.4585541027815713,1.0
1.0,0.07874013287075472,6.0
1.0,-1.539277068054264,0.0
1.0,-0.2110562235972223,2.0
1.0,0.33189041167434014,28.0
1.0,-0.40283490530271193,4.0
1.0,1.5479490017992261,795.0
1.0,-0.26118751206888197,2.0
1.0,0.014625333854209414,3.0
1.0,-0.8723772431210574,0.0
1.0,-1.3219611194395249,0.0
1.0,-0.11000404166923303,5.0
1.0,-1.4424402391854483,0.0
1.0,-0.12759086980667592,5.0
1.0,-1.2662436551853913,0.0
1.0,0.576064943823526,36.0
1.0,0.49507736996367596,34.0
1.0,-1.1027856131297367,1.0
1.0,-1.2374821202585875,0.0
1.0,-0.3832234614254505,5.0
1.0,0.3471487853437219,24.0
1.0,-1.8665529706447743,0.0
1.0,1.7938814096428992,1649.0
1.0,-0.3763526231666011,0.0
1.0,-0.7512772110003789,0.0
1.0,1.4953303641510587,639.0
1.0,0.676963729944879,58.0
1.0,-0.22560354322599052,1.0
1.0,-0.36695756954745445,0.0
1.0,0.3152011046596525,19.0
1.0,-0.007410507835193744,6.0
1.0,-1.3069128996985648,0.0
1.0,0.482455063850389,43.0
1.0,-0.05808679121153255,3.0
1.0,-1.6272900809770112,0.0
1.0,-1.007177449687898,0.0
1.0,-2.403710599143007,0.0
1.0,-3.103244556473177,0.0
1.0,0.7241103831365061,73.0
1.0,1.459439911397402,581.0
1.0,0.2754649564688277,13.0
1.0,0.42161168433220614,28.0
1.0,0.7912087875759315,81.0
1.0,-1.550792367240418,1.0
1.0,0.06737557842549133,6.0
1.0,-0.08302165398483904,4.0
1.0,-0.07901149525067927,0.0
1.0,1.0223683488324167,152.0
1.0,0.4132551194242708,21.0
1.0,-0.5417810815626087,0.0
1.0,0.057777652924013885,9.0
1.0,2.5036511594746287,13498.0
1.0,0.2922907512463628,14.0
1.0,-0.5989124465498571,1.0
1.0,1.5135937453939956,672.0
1.0,-0.00451674702325102,17.0
1.0,-0.09107924812501407,3.0
1.0,-0.4264955083868482,5.0
1.0,0.3733840946270868,22.0
1.0,-0.10596611355374987,7.0
1.0,2.011691034638117,3062.0
1.0,-0.2516629304477983,1.0
1.0,-1.0099918836050576,0.0
1.0,-0.8473386271258982,0.0
1.0,-0.5334440849749903,2.0
1.0,-0.10792772801689142,5.0
1.0,0.5676973612224359,34.0
1.0,0.30638633402736104,21.0
1.0,0.16650384537360402,7.0
1.0,0.3526254835401837,20.0
1.0,1.308933800299008,352.0
1.0,-0.7170762548717982,0.0
1.0,0.5336916187107481,36.0
1.0,-0.31020567983074404,2.0
1.0,0.8393862699316583,91.0
1.0,-0.6017856388379421,0.0
1.0,-0.11221522959910356,7.0
1.0,-0.07795790324676166,2.0
1.0,-0.007480310918880325,7.0
1.0,-0.21381213642827349,2.0
1.0,0.8583099886648037,91.0
1.0,-1.7143656673165493,0.0
1.0,1.5036572141267697,683.0
1.0,0.11908420947486639,10.0
1.0,1.3918212677764894,437.0
1.0,1.9524267581229657,2608.0
1.0,-0.969257043856374,2.0
1.0,1.456697832122442,599.0
1.0,0.6982822035154579,55.0
1.0,0.45968908518936374,30.0
1.0,0.29905517207187976,19.0
1.0,1.8182157732893724,1758.0
1.0,0.31522158617283796,12.0
1.0,-0.11076811206379157,4.0
1.0,1.0829278608083535,198.0
1.0,0.6141141958602783,48.0
1.0,0.7687984879536215,77.0
1.0,-0.7234750143969344,0.0
1.0,-0.4597906616735828,2.0
1.0,1.3245051399754608,399.0
1.0,-1.5473395699809398,0.0
1.0,-1.5579088560729453,0.0
1.0,-0.6354680543227486,1.0
1.0,-0.7272341040441674,1.0
1.0,-0.023526481037935202,7.0
1.0,0.05427150211753,12.0
1.0,-0.5045246859779182,2.0
1.0,1.6897127938679217,1164.0
1.0,-0.8471186551990367,0.0
1.0,-0.2263178692219748,4.0
1.0,0.292818241779776,19.0
1.0,-0.22499106165353064,1.0
1.0,-0.08640325542379233,9.0
1.0,-1.583809007421477,0.0
1.0,-1.589711764760019,0.0
1.0,-0.8458148445405039,1.0
1.0,0.5572914623794547,38.0
1.0,-0.5701569024087632,0.0
1.0,0.257464038707098,21.0
1.0,1.2416330540087863,318.0
1.0,-0.3501414944252598,3.0
1.0,0.23056016030131674,17.0
1.0,1.627308337910186,1025.0
1.0,-1.8079667031613893,0.0
1.0,2.4748268413692114,12419.0
1.0,-0.32700628576346624,5.0
1.0,1.834456593816459,1750.0
1.0,0.04131615570961671,11.0
1.0,0.01741527608482622,8.0
1.0,0.2430805445665084,10.0
1.0,-0.10400829746615144,6.0
1.0,-0.7314474573501693,0.0
1.0,0.4484272376827133,21.0
1.0,0.9862762024124638,164.0
1.0,-0.2534466937433462,3.0
1.0,0.4905846024415311,36.0
1.0,-0.8609889152654069,0.0
1.0,-0.9895198762322258,2.0
1.0,0.7130320194011343,54.0
1.0,1.1581141712063763,241.0
1.0,0.4330171604100479,25.0
1.0,0.7384199745037985,71.0
1.0,-0.007523845740379503,7.0
1.0,-1.8775328348458242,0.0
1.0,-1.6474968364151175,0.0
1.0,0.38321415247989465,26.0
1.0,0.1323497270740984,9.0
1.0,1.1024385995203803,168.0
1.0,0.7937106924609735,58.0
1.0,0.7282886841572996,71.0
1.0,-0.07801908578233975,6.0
1.0,-2.0328990293073774,0.0
1.0,-0.6167522888833813,0.0
1.0,-0.40944721262027817,3.0
1.0,0.3697436722471985,29.0
1.0,-0.2061391211763481,4.0
1.0,-0.7520543353504996,1.0
1.0,-0.14156834422924836,5.0
1.0,0.025679717791123626,11.0
1.0,-2.2439935954405694,0.0
1.0,0.1451519838566824,10.0
1.0,1.1353469405445327,203.0
1.0,0.4550101859415089,34.0
1.0,1.4848890617374768,654.0
1.0,-0.33340015954873886,4.0
1.0,1.23708463491348,306.0
1.0,2.2771269286390847,6895.0
1.0,-1.0907188885377408,1.0
1.0,-0.27420297744098177,1.0
1.0,2.0821108311788366,3747.0
1.0,-1.0828808904150093,0.0
1.0,-1.3020393568595432,0.0
1.0,-0.4409378180652229,0.0
1.0,-0.5406402491590634,0.0
1.0,-0.7348202289785224,2.0
1.0,-0.14177143995758437,3.0
1.0,1.528776420131306,685.0
1.0,2.270974335362192,6626.0
1.0,1.1475982045227977,239.0
1.0,-0.41164652974937466,1.0
1.0,-0.49149827699793236,3.0
1.0,0.5372446679857907,33.0
1.0,0.8853188739355701,102.0
1.0,-0.9148299042916239,0.0
1.0,0.7968581321206286,92.0
1.0,1.3240406524884178,368.0
1.0,1.5888325204995113,911.0
1.0,-1.0384101763601963,2.0
1.0,1.8435178828533312,1847.0
1.0,-1.2709822449283787,0.0
1.0,0.31626056992937046,14.0
1.0,0.1267788985655159,11.0
1.0,-0.8954050807643117,1.0
1.0,-2.5205749354955254,0.0
1.0,-1.697949279651205,0.0
1.0,0.4159516201557659,25.0
1.0,0.8125307327367189,87.0
1.0,-1.31674786296605,0.0
1.0,0.2430533377930405,23.0
1.0,-2.2791686211324955,0.0
1.0,0.47493220095466654,25.0
1.0,0.30540373251061137,19.0
1.0,0.6971240059415184,58.0
1.0,0.624216049513684,50.0
1.0,-0.539123514575292,2.0
1.0,0.08986977476202851,5.0
1.0,0.09220445319667599,9.0
1.0,-0.5611540803772239,1.0
1.0,-0.8317100980571667,1.0
1.0,-0.9250264385324609,0.0
1.0,-0.7348686311855935,3.0
1.0,1.1760712699532792,240.0
1.0,0.4121106601606322,19.0
1.0,0.8343029266001728,92.0
1.0,2.1254255759547154,4296.0
1.0,-0.4323780254793847,5.0
1.0,-0.7256479131836956,0.0
1.0,-0.23354970391050886,5.0
1.0,-0.6405003028735076,0.0
1.0,-0.25197945833700397,6.0
1.0,-1.2517338972529628,0.0
1.0,0.34850311664630984,21.0
1.0,-0.4448212019407883,1.0
1.0,-0.0024184702148182732,3.0
1.0,-0.36389753460531565,2.0
1.0,-1.4684690563160654,0.0
1.0,-0.048905084802036064,7.0
1.0,-1.108860002182846,0.0
1.0,1.6182896508900741,904.0
1.0,-0.19600557303418184,2.0
1.0,-0.37968885553442855,2.0
1.0,1.809160094218298,1760.0
1.0,-0.7525427090326026,0.0
1.0,0.6773318359095029,44.0
1.0,-0.05510749729787306,6.0
1.0,0.6781610390478544,49.0
1.0,0.5753754405130954,39.0
1.0,0.34793422177339695,23.0
1.0,-2.3586528448588586,0.0
1.0,0.3067016587469596,17.0
1.0,0.9531381258323601,113.0
1.0,1.275706314535793,350.0
1.0,2.398794086335181,9767.0
1.0,2.3242975641680275,7775.0
1.0,-0.9015432595428609,1.0
1.0,-0.9605967266726093,0.0
1.0,-0.7917486100309783,0.0
1.0,0.2467338478094883,14.0
1.0,-0.9017155278848131,1.0
1.0,-0.1070312814646624,6.0
1.0,0.19407122200586543,16.0
1.0,0.030636786324632664,12.0
1.0,1.699476573864483,1208.0
1.0,-0.7187394159163375,1.0
1.0,-0.8808770648613503,0.0
1.0,0.19435227600311467,8.0
1.0,-0.04535870880334159,7.0
1.0,0.5761215455818058,39.0
1.0,-1.8902688714231763,0.0
1.0,0.4064731473929921,28.0
1.0,-1.3842170242723224,0.0
1.0,-1.2976018877043778,2.0
1.0,1.7076489777513368,1192.0
1.0,0.6328324754237592,49.0
1.0,-0.5641092667868547,2.0
1.0,-3.067373691008471,0.0
1.0,0.3134276468909294,14.0
1.0,-0.6669391381692151,0.0
1.0,0.35433312836204145,25.0
1.0,0.40097908409436045,26.0
1.0,0.6646508128039311,54.0
1.0,0.2260782496482885,19.0
1.0,0.13939439867593445,9.0
1.0,0.1567642288639079,8.0
1.0,-1.495809589020761,0.0
1.0,-0.11055446059269831,4.0
1.0,-0.26458205463972007,5.0
1.0,-0.660617473323508,2.0
1.0,0.015209418744917335,8.0
1.0,0.937605049562867,125.0
1.0,0.09662069956366423,11.0
1.0,-0.8524248452297306,1.0
1.0,1.3772578646848097,466.0
1.0,-0.12956466557319604,5.0
1.0,-1.4091649587157946,0.0
1.0,0.6293811374766947,61.0
1.0,1.8441540393121905,1896.0
1.0,-0.19129346384144683,3.0
1.0,2.5166040020175853,13981.0
1.0,0.9502250247491919,120.0
1.0,-0.4855837240976415,0.0
1.0,-0.9031972106879097,0.0
1.0,0.18538560209317811,15.0
1.0,0.4121993452263018,26.0
1.0,-0.5093516485478,2.0
1.0,1.0046198322930038,145.0
1.0,0.25857250896593903,16.0
1.0,-0.6250331213086181,2.0
1.0,-0.943013632914343,1.0
1.0,-0.5150861211857521,3.0
1.0,-1.808944427610421,1.0
1.0,0.4360207675253772,24.0
1.0,0.2553550937059395,13.0
1.0,-1.4730195656166205,0.0
1.0,0.011714021500622375,5.0
1.0,-0.8861962984376884,1.0
1.0,0.36897547880212356,23.0
1.0,-0.8019328868480882,0.0
1.0,0.927338551893885,106.0
1.0,0.04101834584576787,8.0
1.0,0.28712191734554565,12.0
1.0,-0.527552266849167,1.0
1.0,0.21684007329888808,21.0
1.0,1.0763329782319593,183.0
1.0,0.7810266301181652,82.0
1.0,-1.7171066219255027,0.0
1.0,0.3018325520240915,15.0
1.0,-1.8450210086873216,1.0
1.0,1.0735969634626263,172.0
1.0,0.9320606819627456,109.0
1.0,0.8356809645179067,85.0
1.0,0.13550674885564384,6.0
1.0,1.2831025009138317,364.0
1.0,0.2198334958273666,9.0
1.0,0.39391227815130686,20.0
1.0,-2.0270707316334353,0.0
1.0,-0.5533520768798389,3.0
1.0,-0.18114154155640796,3.0
1.0,1.1315206831376876,230.0
1.0,-0.5535582542792146,2.0
1.0,0.0866540584945924,9.0
1.0,-0.17705634058302566,7.0
1.0,-0.7618105679887387,1.0
1.0,1.0130707689428256,154.0
1.0,0.29336976455297964,20.0
1.0,-0.48227942910022925,2.0
1.0,-0.4549930481939588,1.0
1.0,0.8352819639595237,85.0
1.0,-1.1516111254027068,1.0
1.0,0.7682987862224003,61.0
1.0,-0.6909606229605912,1.0
1.0,1.5593062508095559,795.0
1.0,-0.6277251024408437,4.0
1.0,0.23314176624258096,16.0
1.0,0.29823417669569147,14.0
1.0,-0.4093440910619535,1.0
1.0,1.7332662219322772,1301.0
1.0,0.733548463265087,68.0
1.0,0.4874273962214515,33.0
1.0,1.3109565229530236,401.0
1.0,0.6622672538951881,41.0
1.0,1.9141058799489556,2327.0
1.0,-2.4035539988328742,0.0
1.0,-1.6272514376097353,0.0
1.0,0.3364280733632138,21.0
1.0,0.29701106387956916,16.0
1.0,0.7061062950730701,54.0
1.0,-1.8202925977904498,0.0
1.0,-0.4456646836348904,2.0
1.0,-1.8148454961318874,0.0
1.0,-1.241537433068814,0.0
1.0,0.6759718425083324,50.0
1.0,1.1963532399444798,247.0
1.0,0.5817088514026193,57.0
1.0,1.0295592084617595,162.0
1.0,1.1306382420358676,225.0
1.0,-0.8764353839288664,0.0
1.0,0.3117889163071481,20.0
1.0,-0.15243098983628198,5.0
1.0,-0.5176358289769739,0.0
1.0,-0.23092687739134254,1.0
1.0,1.809375455412578,1656.0
1.0,1.430775206349918,559.0
1.0,0.5434326534818577,36.0
1.0,0.7712690123510751,73.0
1.0,0.6616273567594982,45.0
1.0,0.5733673708358477,40.0
1.0,-0.1309464593986839,5.0
1.0,0.8440419832503633,99.0
1.0,1.0775605650906281,202.0
1.0,0.08523341883914871,9.0
1.0,0.7168992507751096,58.0
1.0,0.1590800557921492,11.0
1.0,0.8531157799806741,91.0
1.0,0.9700810413459869,132.0
1.0,1.382574623399342,508.0
1.0,0.7594022439953391,72.0
1.0,0.1367953493132433,13.0
1.0,-1.0772727294334559,2.0
1.0,-0.689883081856475,1.0
1.0,0.11545301989796865,11.0
1.0,0.8173619021128288,76.0
1.0,-0.6026566926108907,1.0
1.0,1.325607393292264,403.0
1.0,-0.8465323602047545,0.0
1.0,-1.3103467868254284,0.0
1.0,0.8953740823234999,102.0
1.0,-1.0937243568883976,0.0
1.0,0.08544459604204431,5.0
1.0,-0.2447599959453238,3.0
1.0,0.39209686175491265,21.0
1.0,1.3699798124236502,418.0
1.0,0.577404355964337,49.0
1.0,-2.202170076210196,0.0
1.0,0.8383598691548212,97.0
1.0,-2.531443462650708,0.0
1.0,0.6772477118492042,47.0
1.0,0.17427950689044874,10.0
1.0,1.024991197796696,186.0
1.0,-0.47889388703874947,1.0
1.0,2.1328556358414628,4420.0
1.0,-0.24645974032776866,2.0
1.0,-0.042711250895102866,5.0
1.0,0.4553647887020154,21.0
1.0,0.8471269333453565,93.0
1.0,1.122679623356443,194.0
1.0,-1.2554599261315569,0.0
1.0,0.8752725565641858,100.0
1.0,-0.7539223648143439,0.0
1.0,-0.6525040303530587,0.0
1.0,-1.0031498593270152,1.0
1.0,0.12716351945108675,10.0
1.0,-0.8244514986528255,0.0
1.0,0.5932060265492703,40.0
1.0,-1.1011502624183491,1.0
1.0,-2.0525074312474674,0.0
1.0,-0.11547080280728793,5.0
1.0,0.570711727947995,45.0
1.0,0.791908681309697,75.0
1.0,-0.6302135756941329,0.0
1.0,0.6268533738830516,53.0
1.0,0.6654126751501862,62.0
1.0,0.33585571490054844,23.0
1.0,-0.6636556744619713,0.0
1.0,-0.3444578372563976,5.0
1.0,0.031062222135195078,7.0
1.0,-0.4537692253590136,2.0
1.0,-0.7562863058419914,0.0
1.0,1.2282817279718583,305.0
1.0,2.4933511085221403,13135.0
1.0,-0.9044979771148747,0.0
1.0,4.1619407642580315,1957483.0
1.0,2.2782896174211986,6995.0
1.0,0.3741752975898606,28.0
1.0,-1.187276662109831,1.0
1.0,-0.3206204177915906,0.0
1.0,-0.17211174198341025,6.0
1.0,-0.32248184698255533,4.0
1.0,1.0016983478149069,166.0
1.0,0.734667225364511,72.0
1.0,0.9137073801075719,109.0
1.0,2.2120021542161985,5649.0
1.0,-1.1570858942374296,0.0
1.0,0.9372907413540082,146.0
1.0,-0.2857751320248291,4.0
1.0,0.9426252903223798,140.0
1.0,0.06866353294217924,18.0
1.0,-1.4501024229108985,0.0
1.0,0.46235923502592574,31.0
1.0,-0.3869277371468444,4.0
1.0,-0.4326488598082666,2.0
1.0,0.820502535614284,83.0
1.0,0.008024444447116568,10.0
1.0,1.212233925406106,334.0
1.0,1.3450120039385378,437.0
1.0,0.6448991928816061,65.0
1.0,0.9148628571181997,99.0
1.0,1.8400680552649455,1768.0
1.0,-1.5569020891534147,0.0
1.0,-0.8697902123029478,2.0
1.0,0.4856400473092143,26.0
1.0,-0.10206420922452011,8.0
1.0,-0.8464522566531397,0.0
1.0,0.02916108540578041,9.0
1.0,2.793221102138799,32282.0
1.0,0.26136450020686086,19.0
1.0,-0.7764908914851395,0.0
1.0,0.5965057790469639,54.0
1.0,0.10807563900203876,12.0
1.0,-0.6183467348824562,2.0
1.0,0.5821643556027102,36.0
1.0,-0.27753278796067665,7.0
1.0,1.3196982074203207,430.0
1.0,1.756196023500044,1466.0
1.0,-0.04217851085841271,5.0
1.0,-0.4834522435402311,1.0
1.0,0.5090512777468255,29.0
1.0,1.6688354755533186,1156.0
1.0,0.5848883006737824,44.0
1.0,1.3950173390746288,526.0
1.0,-0.6420153799737592,2.0
1.0,2.9068612102480227,45168.0
1.0,-1.472708044520028,0.0
1.0,0.33439127232016574,19.0
1.0,0.5308811135514435,34.0
1.0,-0.19285821517489266,3.0
1.0,-1.354929143457179,0.0
1.0,0.37849105414587836,27.0
1.0,-1.755169144214971,0.0
1.0,0.4209804866936694,18.0
1.0,0.570842167035568,43.0
1.0,-0.9539936938703829,1.0
1.0,0.17227538420399843,6.0
1.0,-0.7423819177018831,3.0
1.0,0.091653707616174,13.0
1.0,1.1846921890987228,277.0
1.0,-0.9867442867843697,1.0
1.0,-0.4155005239587288,3.0
1.0,-0.045187165071584046,10.0
1.0,-0.06607919810000083,4.0
1.0,0.22620620986786055,18.0
1.0,0.4117092271936475,19.0
1.0,1.67844285102296,1176.0
1.0,0.06135046303098284,10.0
1.0,-0.2248662789779036,3.0
1.0,1.095027139094815,198.0
1.0,-1.3472506597206306,0.0
1.0,-0.22741804605967558,4.0
1.0,-0.5396834002227479,2.0
1.0,-0.7885034813955387,1.0
1.0,-0.29815281814022343,3.0
1.0,1.1881786471999538,251.0
1.0,0.5359179744509651,29.0
1.0,0.9436320558194037,110.0
1.0,0.13040245614728035,14.0
1.0,-0.31044189611754,4.0
1.0,1.3990050418046494,482.0
1.0,-1.3554509739422242,0.0
1.0,0.4173132159350103,20.0
1.0,-0.07824373510699818,13.0
1.0,0.37163644846626354,21.0
1.0,-0.2921051960283343,3.0
1.0,0.8564194211575135,113.0
1.0,1.1693827575173976,253.0
1.0,1.6873431807659431,1138.0
1.0,0.1141602471041735,9.0
1.0,0.27361975405765476,14.0
1.0,0.2676792231629914,20.0
1.0,1.0344356308184492,152.0
1.0,0.7222603345678744,68.0
1.0,-0.06959108140747314,3.0
1.0,-1.664815231315584,0.0
1.0,-0.434499702534741,4.0
1.0,-1.7290669522256945,0.0
1.0,-1.291655726580014,0.0
1.0,0.08834646035930947,11.0
1.0,-0.9450613565417627,0.0
1.0,-0.5094339779674081,2.0
1.0,0.274103671645171,17.0
1.0,-1.3112183225607912,0.0
1.0,-0.9468170839361594,0.0
1.0,1.2833199439193101,305.0
1.0,-0.7654078399937603,2.0
1.0,-0.7002637831925688,2.0
1.0,0.8874180004312917,132.0
1.0,-1.156003369448809,0.0
1.0,-0.15161483059738978,6.0
1.0,-0.0846915550961788,3.0
1.0,0.8538459388650793,97.0
1.0,-0.6586065943292635,0.0
1.0,0.051322834518878056,12.0
1.0,0.6504370034726701,50.0
1.0,-0.3850186790527632,3.0
1.0,-0.6098589972820883,1.0
1.0,0.28803646116954484,18.0
1.0,-0.8483045719187615,0.0
1.0,1.2263919014766917,289.0
1.0,0.9688987488789662,117.0
1.0,-0.3330608954164841,3.0
1.0,-2.8906962321372114,0.0
1.0,0.8829626862380758,119.0
1.0,0.3346628183906515,24.0
